Sequence size,Momentum,decay,Learning rate,Batch Size,Epochs,Neurons,Loss,elapsed_sec
5,0.998322434313722,7.64081987705119E-06,0.007409896603378,21,546,82,-2.85730252261343E-05,1436.36477589607
5,0.998049203720174,7.21476876292728E-06,0.019370276573221,8,706,36,-4.0932181719283E-05,664.044759750366
7,0.99843733591615,4.46466071566598E-06,0.003638479546646,14,1132,43,-5.37814917120671E-05,2605.79504919052
6,0.991193601991682,8.2537832610229E-06,0.019771922648926,29,204,84,-6.87361920669553E-05,2147.07685565948
6,0.994245851593873,6.75837569349318E-06,0.023533029751552,23,1117,93,-7.99865305402154E-05,3832.57920622826
5,0.996835863058016,1.17984754347119E-06,0.022925703591333,18,201,31,-0.000101209777942,891.264637947083
12,0.994997226885318,7.43379892280588E-06,0.013467436894548,19,1182,59,-0.000110058647747,6595.78909850121
8,0.994649940701323,2.73039693724316E-06,0.010516237897454,9,666,89,-0.000133546290526,1235.84707307816
5,0.993782849126942,2.18403260669335E-06,0.014564559217628,29,202,30,-0.000135110736345,1086.55994725227
13,0.998490080310508,3.54250169650379E-06,0.00934266190642,16,345,38,-0.000139760104064,1721.58031201363
9,0.998011066728238,9.99747367436324E-06,0.007288486326917,17,481,54,-0.000147084496942,1776.91531038284
7,0.996405287170085,2.62138134588482E-06,0.018371579995055,16,201,26,-0.000152193337075,1664.08481502533
7,0.99822404537007,4.74785980051991E-06,0.037254838419362,29,204,68,-0.000160784365497,2750.30906701088
5,0.992171633893842,8.33676645500189E-06,0.025080286471092,14,202,30,-0.000206850380302,949.936905384064
7,0.995976134598602,3.477273372821E-06,0.002876845904317,25,1168,62,-0.000223888910577,4857.14022421837
6,0.99650538718335,3.00410172516967E-06,0.004910600798943,28,200,79,-0.000231847133023,2105.99430537224
7,0.995401350771158,5.10277394006749E-06,0.018156972379132,17,363,45,-0.000232102007027,1035.30954909325
5,0.996205480961127,2.23247888155423E-06,0.005856096435076,12,205,52,-0.000248625613703,629.53694319725
6,0.998755728775657,2.44229315143518E-06,0.034273254889917,26,202,78,-0.000258297617529,2391.43926548958
25,0.998197497925715,6.21848994336419E-06,0.003131709427277,7,724,56,-0.000263681911939,3145.44327974319
24,0.997439252896599,8.1164220880257E-06,0.011816698866815,13,776,58,-0.000279397840878,5922.77749729157
5,0.993886086924016,3.85866632976904E-06,0.03969154447947,19,1139,40,-0.000302307333927,2496.27700138092
7,0.991786333076709,2.34476190298955E-06,0.004375022862631,28,250,82,-0.000310123292043,1244.51735854149
10,0.99294909742766,4.27135850778715E-06,0.012289701194294,17,343,75,-0.000323669748489,1472.37483882904
7,0.995906483165747,9.37912367742452E-06,0.008346447410386,5,723,59,-0.00032387331124,629.508723497391
7,0.99809082072973,3.43658789566557E-06,0.027896965731464,11,875,59,-0.00032961751196,1608.8245279789
5,0.994625513035103,4.38825534465818E-06,0.040594616432345,28,200,66,-0.000358729831259,2147.09309339523
15,0.992306727011188,6.29411662140033E-06,0.002427830961599,25,531,69,-0.00039144846879,5088.48395657539
15,0.990913028926452,2.33245221192551E-06,0.007667080153431,17,1105,29,-0.000393136438223,6740.45955967903
12,0.997036929320596,3.94152093428372E-06,0.020833103243276,13,963,81,-0.000399594082658,3848.86182165146
13,0.995343789817571,4.44226381475091E-06,0.030785080732757,27,1031,42,-0.000412205134173,8586.57287359238
29,0.994572931752701,1.34781259711431E-06,0.003242484712202,24,1013,42,-0.00042220813921,17105.7360088825
13,0.991368887495716,2.50587040290759E-06,0.004144745830655,30,505,32,-0.000451230285197,4659.24211621284
10,0.992331383162155,2.21431240344594E-06,0.019296580749991,26,581,43,-0.000455438764389,3583.28929710388
15,0.994931211907384,5.4318387235372E-06,0.019854653733914,15,267,50,-0.000587356248274,1480.20078969002
6,0.995895022229152,8.05387413742256E-06,0.008621659200515,29,203,77,-0.000588172303003,2317.52783513069
17,0.991014061131294,1.38012716945755E-06,0.059714309236808,18,900,42,-0.000590314613493,6669.36414432526
7,0.998766586700931,2.81517829543778E-06,0.038234348051754,21,1057,79,-0.00061501144629,3832.56944036484
7,0.990955565881715,2.94567761876609E-06,0.031701329630198,25,202,89,-0.000668767748767,2561.1837413311
24,0.996879274670541,7.90968800512435E-06,0.017127429668448,15,408,78,-0.000698596445299,3780.45599174499
7,0.998133062523719,3.31160516691877E-06,0.041071987459026,16,381,60,-0.000714630713198,1046.96861982346
5,0.990108928641986,3.86194706717294E-06,0.01910242168462,24,200,90,-0.00074029049176,2288.95438480377
6,0.990869265727441,3.46512071268174E-06,0.06589075646426,29,202,63,-0.000766854889012,1896.75160193443
9,0.995674167566414,3.90818332054202E-06,0.028124125836365,29,461,16,-0.000782421822784,2772.48246860504
18,0.997277685860406,7.19078097826902E-06,0.051132452854902,14,262,60,-0.000786986907495,1662.87444853783
12,0.996555384553824,4.31739010433903E-06,0.050538150056831,15,223,33,-0.000789245967217,981.053204536438
22,0.990678535971111,9.03306918362594E-06,0.002770388498944,14,746,68,-0.000789724091322,5837.18361711502
7,0.992653961554256,9.58156600964835E-06,0.05700904720056,19,202,43,-0.000804097162294,1640.09791779518
15,0.991160768105516,9.42710020674071E-06,0.023541326518961,21,1124,83,-0.000812327281494,8959.07399249077
6,0.994250190117953,4.51114574517468E-06,0.054791199476356,24,1011,58,-0.000836099744771,3400.52449250221
10,0.998195846807517,8.64503711503727E-06,0.023625425099003,29,204,85,-0.000842607780407,3192.31766009331
7,0.993060827561817,5.00272303645186E-06,0.057982515407363,25,693,100,-0.000843784049611,3058.41275691986
7,0.990216220763002,5.49154169794473E-06,0.067749186115357,28,1070,25,-0.000878594230593,4817.87281990051
17,0.991558631773511,5.41950041308901E-06,0.023387661170008,21,200,22,-0.000879783969028,2561.16447997093
15,0.997885837737847,5.06720182169244E-06,0.010780357003817,29,200,29,-0.000901966865058,3363.66349744797
14,0.990687471182921,6.75903218105873E-06,0.022689437590582,17,558,66,-0.000932991006294,3379.36423158646
9,0.993098714209419,6.38275602957545E-06,0.050259384896861,19,1029,38,-0.000933577469753,4126.9807035923
9,0.990573750456702,8.76740532474395E-06,0.063410943361402,25,1019,37,-0.000939877707143,5357.53376150131
26,0.998773560474593,1.35652763355113E-06,0.023368569758673,14,204,82,-0.000943583855973,2536.03972506523
12,0.993680953891274,3.35666664912708E-06,0.038595366154185,30,202,59,-0.000956374207938,3459.7978990078
27,0.998920881351373,9.4945274934026E-06,0.027285405707344,13,298,98,-0.000979383437792,2772.50863862038
5,0.996227693495475,5.64654151407142E-06,0.082404220916648,30,842,37,-0.000998652102492,2883.31221222878
23,0.997973857169338,9.92792316203711E-06,0.023659458296679,23,411,43,-0.001008878854541,5297.31549310684
6,0.998618518102452,8.22475377541975E-06,0.022970651476848,6,203,15,-0.00102270268095,1199.60229372978
9,0.997655772578701,5.7160250656048E-06,0.056256486344482,25,899,91,-0.00102823495802,5143.57216525078
15,0.991953418677064,7.65446703253503E-06,0.096598172333753,26,405,40,-0.001100715854925,6495.11659002304
5,0.995288649687894,9.65020492099315E-06,0.099763229057219,15,1192,37,-0.001105014863326,2067.76224565506
16,0.993271608259185,3.17025160180822E-06,0.097778755357771,24,1009,47,-0.001112767415604,19240.8494329453
20,0.994687791247342,7.41248314047716E-06,0.04164068466979,17,940,68,-0.001138371537847,7980.49439430237
5,0.992951143427327,2.46872631436169E-06,0.04515466458665,24,200,96,-0.001150341776945,2451.08839845657
22,0.990322282066046,1.95929354054098E-06,0.001775435633451,14,1181,31,-0.001163555844919,8656.90389108658
13,0.99449966392562,1.15098149430801E-06,0.004568871324884,25,272,43,-0.001168066028959,2133.47060251236
17,0.990303749666153,1.34191696595879E-06,0.099637632937481,12,978,53,-0.001177700248089,9167.53890442848
6,0.99435416831365,1.99426364413346E-06,0.031315943120433,22,202,14,-0.001186976948977,1527.46556854248
5,0.995310247728041,9.14418514107024E-06,0.06454177060316,23,201,20,-0.001277233723465,1557.38071680069
19,0.99557081968042,2.71451299361723E-06,0.099720116742292,20,1178,42,-0.00133948292199,21066.6721892357
27,0.996450873847633,3.15977279519343E-06,0.004173249418913,8,733,50,-0.001358913391009,3848.85022211075
5,0.998199243699994,5.38779392438652E-06,0.096033312218923,8,200,44,-0.001450260473148,2318.33564019203
18,0.995796441670196,1.86740362235237E-06,0.02988517500442,26,203,44,-0.001485351676029,4216.04161214828
6,0.996758162513794,4.07871841116814E-06,0.066474851366509,26,1062,58,-0.001519190238236,3870.89842820168
7,0.9915872155956,6.19610923047323E-06,0.04722812682524,30,757,53,-0.001545160461618,3747.31929540634
20,0.995160186274722,1.94402388675326E-06,0.098568145658788,22,633,33,-0.001547308610959,13758.2837524414
5,0.998110318553182,3.704615421915E-06,0.040020229334978,8,535,46,-0.001570923476813,503.664415836334
12,0.99173744824012,3.14058575750086E-06,0.011595290180799,15,240,64,-0.001690988026248,1099.89160442352
26,0.998862402142117,2.28928044394003E-06,0.017070720479143,23,517,35,-0.001729652778846,7456.99012112618
19,0.991870082387165,7.49998341607232E-06,0.06698085403926,22,904,47,-0.001774524248463,9124.75245666504
5,0.993106513536022,3.5084243122101E-06,0.091291757401757,27,204,62,-0.001774881823421,1712.87951278687
24,0.993855129643154,6.50773260892317E-06,0.008305516768382,26,652,37,-0.001777467393335,9816.00500702858
11,0.991579509408702,1.57589174803677E-06,0.099403505269941,30,805,75,-0.00179720495138,13239.9398481846
6,0.992591022476268,9.50560307083773E-06,0.088268052134632,9,1165,34,-0.001800430832272,1452.54566812515
26,0.99845561476657,7.40943970946907E-06,0.020469208829951,22,423,87,-0.001816479474525,6257.92384171486
13,0.995197322721467,4.52342823069688E-06,0.048964506688808,20,837,67,-0.001835286969897,5421.93314266205
13,0.997780117773523,7.9964616546128E-06,0.010110858175832,10,796,31,-0.001866995302083,2451.07936453819
25,0.997234242905457,6.19849527355518E-06,0.044106197855533,14,253,91,-0.001878411752706,2351.72053813934
7,0.990598530322428,1.50303763033556E-06,0.099401004375668,26,1060,31,-0.001881840698885,9537.2943944931
6,0.99100630734493,7.20913636174344E-06,0.036878988805321,27,204,77,-0.001894019683908,2590.94862890244
24,0.990525992604564,2.00121714936152E-06,0.014367302120165,29,201,58,-0.001903052454131,5346.02787685394
28,0.996060597131506,4.9390479399877E-06,0.032593446304926,19,319,54,-0.001931512239846,4172.13242101669
8,0.991469604478853,9.63297968279088E-06,0.042744910596873,9,818,17,-0.001935867949038,1345.49250531197
9,0.992316911168211,9.15416910879652E-06,0.056225453678974,8,841,38,-0.002000839296224,1452.61031484604
5,0.991831242099572,1.51521147781315E-06,0.098937541852059,15,1045,54,-0.00204317867339,8785.94243121147
6,0.995672458000315,2.68321815571708E-06,0.016847090949966,17,262,11,-0.002075561008232,615.26337480545
14,0.994097626366803,8.0615890722028E-06,0.025171718117687,10,692,85,-0.002078883045987,2489.3615334034
17,0.996139718768416,8.02759813952137E-06,0.048009676533413,13,234,62,-0.002171747983206,1285.68171191216
8,0.997579301543521,7.55831261619379E-06,0.096496792147995,21,1028,84,-0.002178256707441,7486.49093055725
11,0.997657687275026,6.63540101114755E-06,0.052239638672222,9,380,97,-0.002208236889666,990.163341522217
15,0.992449960577569,1.67072526109642E-06,0.09938798458361,28,595,21,-0.002218096359387,11413.4077811241
11,0.996734849240858,7.39491443876549E-06,0.055988052102729,23,616,36,-0.002223760834841,3713.55228328705
24,0.994035023047338,1.97524911012113E-06,0.010938891997072,28,200,97,-0.002231993389749,5016.5642850399
23,0.997078529490985,9.53652703410837E-06,0.00868776256538,13,444,89,-0.002291253991846,3411.22941565514
8,0.992699949040865,2.40885031314651E-06,0.037776342504776,7,203,67,-0.002297887387043,1405.14585733414
9,0.990146941552535,4.97199985189406E-06,0.096653527470919,25,835,51,-0.002327810468622,7389.00449419022
23,0.991364027695919,9.87847116078779E-06,0.012349148341465,15,1044,38,-0.002352380264271,8670.16495680809
20,0.998663219530722,5.08012395939112E-06,0.038020379689007,11,384,28,-0.002359635977621,2016.74909734726
5,0.994926042246735,5.09151619550711E-06,0.042762927089643,29,200,51,-0.00236936465046,2147.0835006237
14,0.990933522793136,2.49402249318624E-06,0.094662171180525,28,1188,46,-0.00245093892602,11221.691185236
8,0.99208671592589,7.52784398617225E-06,0.088947663208893,14,221,17,-0.002474517025788,584.525423049927
6,0.994339742488852,7.14215060038464E-06,0.078544308819617,19,739,67,-0.002481647968099,2052.37473225594
13,0.997406348364488,7.04443435371464E-06,0.043453258885789,24,548,18,-0.002530696628131,3955.35701370239
30,0.995741777399245,7.46775047233635E-06,0.005209735671653,10,204,69,-0.002531860929585,2647.9179353714
8,0.997964028176324,1.32941044526798E-06,0.099365178209953,6,629,38,-0.002591970072437,6032.87469291687
28,0.998993696106424,6.32710945051954E-06,0.048655197890388,12,664,94,-0.002660394177633,5877.05779004097
25,0.991162832330421,8.00221462618993E-06,0.080937107192333,15,1141,45,-0.002673704930226,10445.0259008408
14,0.997166263354595,8.18600038292026E-06,0.082407100907245,20,288,42,-0.00268567200695,1936.51267313957
8,0.996989543714059,8.1064673714901E-06,0.050984288072015,19,619,30,-0.002690337000396,2170.10085058212
16,0.996719031420867,3.75726130300485E-06,0.09651488411588,21,609,17,-0.002740877528341,7759.32401514053
7,0.993329546831398,6.97351540626638E-06,0.095915859626073,5,206,31,-0.002767716961317,2541.59792375565
17,0.990547733950666,7.68294363311767E-06,0.083466830109715,14,946,31,-0.002829041650829,5334.29073643684
22,0.998134716843802,5.89687266851905E-06,0.063777946475222,17,367,64,-0.00286216562286,3448.24531388283
11,0.995543671735319,6.67585933980403E-06,0.096270285759464,16,1016,42,-0.002864559571903,7073.44247817993
16,0.998360069834597,1.79432800563357E-06,0.09803823453554,23,1182,40,-0.002874947354636,20035.2860205173
9,0.993527121558826,2.7745781739517E-06,0.096439327704303,13,201,31,-0.002878600057161,2704.19470763206
8,0.99843411063119,1.00766966475552E-06,0.098636059637886,20,1069,57,-0.002882847326347,9911.99280714989
9,0.998935766139203,2.47391702114476E-06,0.096481703347791,17,913,63,-0.002885864242812,6424.08045554161
5,0.996926257265654,3.83795635352331E-06,0.074227144224228,17,399,88,-0.002889245577872,839.077611684799
13,0.998655362040233,8.1730481406152E-06,0.078733146402758,17,475,28,-0.002943938692766,2484.73574972153
22,0.997800474292122,1.36357358386533E-06,0.097307815273673,16,915,33,-0.003010362082605,11041.8711929321
22,0.998178947123484,1.74555821329099E-06,0.099982415734962,27,844,47,-0.003047838483309,20875.7076849937
9,0.997342213889867,1.64658929093036E-06,0.098152339608638,11,1051,16,-0.003076825364703,8972.173402071
8,0.990406133823274,1.47562068800751E-06,0.099363474082874,11,868,34,-0.003215672690728,6495.17035531998
23,0.99212227050287,7.04553928872432E-06,0.007239969406054,23,508,36,-0.003224382509972,6471.6027238369
11,0.998432769340195,1.83583358731064E-06,0.097414312044149,21,819,38,-0.003257566562174,10528.7436177731
5,0.99814283809109,5.08074630189895E-06,0.096993199675842,6,220,71,-0.003276213229348,2440.67468285561
12,0.992160848749264,1.75697894096453E-06,0.088876018831244,20,1155,83,-0.003294178372171,7060.5773203373
7,0.995129092133527,1.54743424853795E-06,0.097919958578967,20,945,47,-0.00329616991398,10315.4854507446
25,0.994911995892385,6.30551690889926E-06,0.00323847943849,25,607,86,-0.00330808091429,9862.38573217392
21,0.995533723638697,7.75421846700499E-06,0.025116887482413,19,396,21,-0.0033243953066,3747.22783374786
15,0.991598600684197,1.90836083176447E-06,0.012697650543834,17,295,48,-0.003324714620121,1866.70051145554
6,0.992753738284139,5.70710609766148E-06,0.047804805450481,24,203,10,-0.003333600959177,1874.77450919151
25,0.996836911399744,4.24220587337592E-06,0.076769584424395,22,534,29,-0.003351526169923,6974.02261185646
7,0.995339450826426,1.77369601712873E-06,0.098870185183374,29,204,18,-0.003356116906314,2417.156717062
25,0.996537345892556,4.70053450800493E-06,0.047231850122759,29,201,54,-0.003383230075014,4999.20468449593
24,0.991905325026305,3.43601066056647E-06,0.099143234739651,14,973,58,-0.003492046184938,17904.2426719666
24,0.99467581199126,8.32794872193683E-06,0.065873657556671,30,202,51,-0.003496437243243,4920.08745217323
16,0.997587869506694,9.59058602026929E-06,0.030412858113313,6,419,86,-0.003534459351019,1055.01776719093
8,0.992207338422699,6.2960362718284E-06,0.026410639777625,12,253,73,-0.003632324739009,615.29265499115
8,0.994347032663582,8.04210847804724E-06,0.061106144151622,5,424,16,-0.003634330144921,414.079421520233
7,0.998898601186362,5.61981867492947E-06,0.096486532269027,22,410,11,-0.003639462857888,4280.43343997002
20,0.996321115855836,3.78234801970775E-06,0.040739825007563,8,668,52,-0.003662966551652,2632.2020778656
27,0.993666412778278,9.32625478188836E-06,0.001874397742968,30,835,35,-0.00373974172795,16267.9877753258
22,0.995637241093172,2.74513456532547E-06,0.011846004246392,29,203,65,-0.003765733094802,4755.27165460587
5,0.990705237950318,1.28763469860828E-06,0.097789255412078,24,938,19,-0.003791500234846,6164.06117367744
10,0.994953984695432,2.24200644946859E-06,0.03441247986044,29,200,74,-0.003826005695676,2944.89138889313
7,0.995374780686536,9.26934730091817E-06,0.03339512098121,20,878,83,-0.003884426059576,3069.63925147057
29,0.994408531139876,4.43335111643533E-06,0.016891988381256,12,561,51,-0.003895304835825,4881.22046279907
19,0.996774594517111,4.23606341739119E-06,0.044355724311522,7,896,16,-0.003905170246099,2807.92773151398
9,0.993685789363311,1.10574170972923E-06,0.097629435563756,29,574,76,-0.003909186005942,8599.41121888161
7,0.992890860086238,6.51590735436444E-06,0.058447174937081,8,1019,69,-0.003952882889567,1431.42815470696
6,0.990014579903199,4.72419906696532E-06,0.083372566929851,10,259,78,-0.003967126313851,403.721596717834
26,0.997448075259039,1.18521201711577E-06,0.044392664848205,26,774,78,-0.003970079799665,13326.9274027348
26,0.993472086040795,4.11279319780686E-06,0.031644209805182,13,899,56,-0.003983041055004,7370.56978940964
14,0.990359090467138,6.23144853152889E-06,0.046437956738155,9,284,44,-0.004052756696423,879.805120944977
5,0.991077014208296,1.7243948726271E-06,0.097961999716284,17,1123,20,-0.004124454073799,7370.62777280808
10,0.990283473434174,1.21065136987251E-06,0.097343404327754,12,578,53,-0.004135245675063,9111.83782625198
13,0.998637050285738,2.84062490709604E-06,0.069067447253006,29,628,68,-0.004186612450898,5922.78823471069
26,0.993296148894756,1.1599293327174E-06,0.098808422177886,20,818,31,-0.004195441282059,13706.5315303802
20,0.993391395154894,3.1206275507497E-06,0.08911400109902,18,943,86,-0.004219704638897,8670.17607545853
7,0.997188082178726,1.26628677293039E-06,0.097802945478541,25,200,43,-0.004327151410855,2772.6718506813
23,0.995240417380336,9.5651089507265E-06,0.017286116731053,17,348,14,-0.004388427433566,3227.41028261185
15,0.998432809610859,1.28883101845015E-06,0.063563296615342,11,529,17,-0.004420806429103,2061.30309128761
7,0.990716803774569,1.34326292343114E-06,0.008546133564441,12,554,10,-0.004467787578607,1062.28756141663
23,0.995155792719373,6.99382561476868E-06,0.096710742175946,23,685,46,-0.004506340801036,11549.6672132015
10,0.995518718246733,1.99883181254754E-06,0.097943373998342,11,1108,79,-0.004675647708395,9828.13178801537
7,0.990956001128153,2.36180469906193E-06,0.097857905602829,13,1001,56,-0.004692529144481,8018.62611961365
6,0.992194235653778,4.05691524631598E-06,0.063351985781535,19,647,13,-0.0047534370582,1662.86375236511
17,0.994184335575237,1.23983406090201E-06,0.098078421101244,14,946,59,-0.004786985026301,9412.4789056778
23,0.997398138362476,9.90970095433622E-06,0.048110881442022,29,204,89,-0.004862011757325,4869.75979781151
29,0.993323167451532,4.77864276206468E-06,0.032251072986028,18,1151,78,-0.004958041597519,15476.4126553535
16,0.998183444786536,1.03613860606198E-06,0.098215691774532,21,651,98,-0.005016983428211,14100.3906579018
9,0.996935753327135,8.5585417381579E-06,0.098078044670269,12,205,34,-0.005050446557346,2752.28024220467
11,0.995868815911101,1.62878914606225E-06,0.098897511528394,27,1153,48,-0.005079616893405,15601.7684252262
10,0.996627872726934,1.05265241781092E-06,0.099096141449955,28,712,26,-0.005122878910184,10079.5535047054
7,0.996163054399728,1.30385721771143E-06,0.097174914216959,23,657,76,-0.00518992085509,7706.84701371193
5,0.991512178537462,7.28042144807834E-06,0.096545592339017,14,260,42,-0.005199019279124,3267.04299426079
23,0.997661898059122,5.42832182644507E-06,0.096495151107073,29,241,48,-0.005199152892817,6483.23465800285
7,0.991858623785253,1.4755774739658E-06,0.09843780419992,28,1009,87,-0.005222655831488,11323.4394483566
12,0.997233355348502,1.65232073372107E-06,0.098041451234355,13,633,68,-0.005224255679977,7542.28164601326
14,0.996540150166736,3.16426212204783E-06,0.076268282125141,6,1030,28,-0.005244054316865,2104.65111136436
27,0.997405363648516,7.85464435107299E-06,0.021771584437119,16,533,89,-0.005270860328792,6047.84680533409
10,0.992854544239756,1.12831713940492E-06,0.098899107899794,28,1169,68,-0.005294572899917,12309.727335453
6,0.996097332855374,9.8528751988602E-06,0.048156563207657,29,522,82,-0.005360466503829,2258.14922785759
17,0.992173869113125,1.29171240899956E-06,0.099808585967115,14,679,65,-0.005375139019818,7567.33760380745
5,0.996358952664375,1.46876253731124E-06,0.098706784082492,25,1196,98,-0.005415400651301,9550.30245447159
12,0.997721497988489,6.68011469101874E-06,0.070836107514494,13,1177,78,-0.005446505197718,4659.2201192379
26,0.997354779503037,5.59058341894954E-06,0.063791159377482,16,488,39,-0.005468072600693,4830.35880708694
10,0.998536548087508,5.45697241416916E-06,0.096532660342139,27,336,100,-0.00548436627763,4986.8127655983
10,0.995383943950171,2.01259098478951E-06,0.098151441656323,14,1030,14,-0.005515036149118,9607.97399640083
6,0.997899906618342,2.86020093199427E-06,0.052025608793362,5,200,17,-0.005566254557708,1099.94101428986
11,0.99613017314675,4.53616269342803E-06,0.040852701352939,6,568,33,-0.005677043078362,905.712265729904
22,0.993796301432441,6.23498522104961E-06,0.096649045718292,12,215,98,-0.005684641319612,3870.90532660484
10,0.995534675452544,2.113835828286E-06,0.098958044904867,9,745,17,-0.005686734748271,8445.29257011414
9,0.992907492498074,1.03353441763191E-06,0.096551349731941,11,410,11,-0.005690289368568,4227.94869327545
20,0.996676659261126,1.72178432486839E-06,0.099472104841992,27,660,16,-0.00569412757869,17417.4356529713
21,0.995890947221226,1.23119655889573E-06,0.09977851245221,14,634,16,-0.005754898082795,7875.20733356476
26,0.998908148245369,5.81766017009569E-06,0.053796787907383,18,208,93,-0.005771532754076,2561.15218400955
15,0.993591637927404,2.0767357193444E-06,0.096489705126328,29,382,21,-0.005801787347678,7073.45385456085
17,0.993159578007215,7.4578689205335E-06,0.048093708345023,10,912,70,-0.005807084423558,3943.5510327816
8,0.997222365372633,1.13048182264136E-06,0.099212889013418,8,873,42,-0.005901901999306,7457.05492377281
22,0.997634287863023,2.33290119246365E-06,0.098587893544832,17,615,25,-0.005925625709265,12033.6458809376
19,0.995292377785967,1.24578996092889E-06,0.09946671128944,24,881,12,-0.005951976138016,15045.6310696602
20,0.996332820584421,1.73851481768316E-06,0.098662756316106,18,653,14,-0.006035812386115,13276.5502989292
18,0.990396026555069,2.55798460983037E-06,0.049879860760529,5,1185,36,-0.006043113905515,2605.80390572548
20,0.992526391026822,4.51729792324689E-06,0.018312565702873,28,212,45,-0.006089252710736,2940.3172750473
20,0.994688900961632,8.21946968258443E-06,0.054613423946498,12,820,95,-0.006104126271651,5131.07202506065
29,0.997157961941814,1.24314383122517E-06,0.038295666379467,16,1191,50,-0.006106536263819,13578.8905973434
11,0.993093149233151,7.86196170314707E-06,0.096581349562344,10,250,18,-0.006118299790433,3427.07043671608
13,0.99797556093056,1.75386713328945E-06,0.098823470689332,29,982,33,-0.006132805925488,17595.8733694553
26,0.997695800514824,9.79197293204783E-06,0.08828825210167,29,931,28,-0.006137279239638,16774.9368011951
18,0.993631321834244,1.38365315717295E-06,0.099389878121295,22,1073,40,-0.006162350192951,18794.9342200756
5,0.996356180784914,6.80796995936237E-06,0.096457733514776,7,252,48,-0.006215909132329,2828.13658881187
23,0.995419114544159,2.42274499679398E-06,0.014980988299668,15,236,81,-0.006230355403068,2133.47776603699
10,0.991047098457948,9.48470068963516E-06,0.096787186298471,15,201,36,-0.006458507241199,2848.54991436005
17,0.997058679088519,1.2249730345916E-06,0.099473424423427,24,757,53,-0.006520179703775,11386.969009161
6,0.993628023926258,1.89193161706752E-06,0.097769816681142,7,928,49,-0.006544841835529,6776.57624411583
24,0.994701367608331,1.94895520851566E-06,0.099151598066113,9,1173,35,-0.006608488822079,13956.6355929375
16,0.993198942675247,1.39050402145969E-06,0.09754084542296,18,868,96,-0.006615867990346,12626.1407566071
5,0.997537936361847,6.23392529419086E-06,0.063325228207821,6,201,73,-0.006643517998791,1252.40020489693
20,0.997317622899878,1.46953080493464E-06,0.098911116816716,20,809,25,-0.006661329810742,17014.5929069519
10,0.990650700872808,1.86292850256452E-06,0.099922461917407,24,1113,22,-0.006680542139855,12685.9283573627
21,0.993436070518657,9.79302795918969E-06,0.09755632579256,23,204,83,-0.006709381962893,4501.2943418026
29,0.998517254852059,2.68522843182794E-06,0.098768669823014,12,966,28,-0.006713180609315,18284.6111609936
20,0.997587968509778,3.40190889981216E-06,0.072396027502605,23,859,12,-0.00672032641826,9137.19258904457
17,0.99005097123157,5.08869917813357E-06,0.045678215634616,9,461,49,-0.006739817247198,1756.74366116524
9,0.993941475634815,4.04478845546733E-06,0.097775225126032,10,208,42,-0.006844916781695,2807.94686579704
13,0.996267993118841,1.29190671182573E-06,0.099337741900533,27,977,58,-0.006870122529377,13349.1205091476
29,0.996374209538482,9.56759320452533E-06,0.098165146108732,8,984,71,-0.006881819540513,19929.4097585678
6,0.99106330198738,5.39686292693079E-06,0.096711391448989,19,299,68,-0.006903626852817,3470.52058458328
11,0.996244525813504,5.95330028423934E-06,0.054028641057443,24,958,11,-0.006922015311503,5813.29086446762
22,0.996901076648091,1.04720201645899E-06,0.098706449932325,22,834,31,-0.00698393109433,13473.0980067253
22,0.990709168905063,1.29269444657517E-06,0.099612072276589,27,782,25,-0.007061791105796,15896.0912981033
26,0.996235756695309,2.30746387193499E-06,0.097893930956155,23,699,69,-0.007069021392788,19533.0032610893
24,0.996685390187329,4.266099277376E-06,0.047372427602918,10,403,32,-0.007170761209882,2351.70999336243
20,0.99812949878443,1.96667773530834E-06,0.099959871846312,11,846,31,-0.007192860159493,11297.1155974865
30,0.990801959591165,5.73044781802389E-06,0.09837740489194,18,587,51,-0.007312213341167,7772.12557601929
8,0.990253836761914,1.88476723335236E-06,0.099076816612919,17,939,32,-0.007397223208887,9199.03296971321
14,0.99705181601756,1.86354289089322E-06,0.099179442419952,26,1102,52,-0.007500476097016,18368.6917915344
10,0.992303160440303,5.07564087570115E-06,0.00482032730638,13,285,28,-0.007505795981158,879.850080728531
20,0.995068713910364,1.94204336489026E-06,0.097702223160135,19,894,55,-0.007574759787493,19294.7076761723
24,0.995294373073898,1.10503503653466E-06,0.099786009655064,24,948,12,-0.007577636628916,16925.4130907059
14,0.991913617570549,1.25394936396389E-06,0.023188466790105,10,1162,26,-0.007617680464546,3809.69922542572
14,0.992714577204746,1.96857939194696E-06,0.099547593486471,9,544,36,-0.007627083895932,8445.2814745903
16,0.990636687541032,1.91715263136678E-06,0.096535968376703,23,404,68,-0.007904523312064,6540.40598034859
30,0.997477716433505,9.32573978638777E-06,0.048069691850649,6,873,71,-0.007964988919075,4009.66792178154
24,0.998517763002054,1.6614801244099E-06,0.020187253100432,30,201,21,-0.007997282670083,4676.19562292099
7,0.990837100289173,6.29614024132799E-06,0.050276528749476,14,867,94,-0.007999059355837,2147.06744170189
16,0.997988907182544,1.14073243752825E-06,0.098186181672546,15,611,58,-0.008078801885613,11708.6648385525
11,0.994730800555501,8.70794517045435E-06,0.09675280794342,15,222,61,-0.008079927309052,3290.33615350723
20,0.99527623446282,1.92104275743175E-06,0.08121144482535,23,1112,10,-0.008103057133271,11722.9751749039
25,0.998672430043164,2.63171355327069E-06,0.099437934550908,18,990,73,-0.00816560567888,21324.6481981277
16,0.993284156748228,1.3350240827199E-06,0.01903086187629,23,203,13,-0.008238316094702,2380.34127449989
17,0.99757971235221,8.58296724730512E-06,0.094367046003265,15,658,42,-0.008370256364837,4066.51002407074
17,0.998811007564732,1.3510613723857E-06,0.09963445292087,22,900,43,-0.008402396636466,16330.1251893044
20,0.997429328756521,9.16839281812684E-06,0.096676316819376,20,256,33,-0.008417308573457,4999.21611857414
5,0.996037846825749,1.55819167226E-06,0.096743485644709,6,552,56,-0.008422518834672,3267.53493952751
18,0.996998438154299,3.62372503789311E-06,0.043529582044717,10,502,67,-0.008443848762211,2316.91865086555
28,0.99632177835799,9.45782578166459E-06,0.01357941160289,28,1064,42,-0.008471043799325,20299.0556149483
13,0.992616877631126,7.69715003130951E-06,0.081393352889898,22,501,51,-0.008543140974164,3411.22206068039
25,0.998808504285567,5.77829522627409E-06,0.045610204568095,17,1006,94,-0.008555059011256,11075.6021437645
13,0.990448960499577,2.46359900906077E-06,0.081217019448996,19,757,64,-0.00856181622427,4636.66272759438
30,0.998663156965799,1.88087691724083E-06,0.097845898665887,25,761,52,-0.008574884838992,19254.5429885387
19,0.997892879995736,1.82631505497235E-06,0.098816086676751,22,1121,22,-0.008612733482502,19757.4959127903
20,0.991088002965347,7.56052221114837E-06,0.015384723206754,21,799,91,-0.008700562437294,8699.34895634651
10,0.997450413156504,1.96167871277846E-06,0.068803423081094,10,1089,30,-0.008720078398314,2561.1589577198
9,0.994574529696659,2.50645704747706E-06,0.079783540479336,13,681,63,-0.008746042418227,1927.23724722862
15,0.990973641261607,9.65745849036828E-06,0.004143246077262,25,605,21,-0.008767290027847,5285.49064087868
5,0.996817216655907,9.97571150626833E-06,0.099296265437711,8,462,75,-0.00877779175768,464.861063957214
16,0.997917051882197,8.45280934892562E-06,0.063845017716615,13,541,88,-0.00878097653364,2936.72543668747
25,0.993024672468023,7.96075598594279E-06,0.042273762986732,26,588,10,-0.008846969999955,8742.54762816429
10,0.997758906401598,1.36397944976329E-06,0.099348567317492,16,1014,24,-0.008855175477615,8742.56828474998
11,0.998511158281954,5.92343521486211E-06,0.098524912656038,5,204,37,-0.009092673133355,2590.95757102966
8,0.992699536699691,9.17767874075624E-06,0.096605501265395,19,264,92,-0.00913096765489,3604.02470397949
12,0.993971598607996,3.00536883498997E-06,0.057940127852727,29,203,11,-0.009207655411805,3322.30385899544
28,0.992110729730925,6.64193034551441E-06,0.096564345388249,10,285,34,-0.009257981959596,4567.33459043503
15,0.998823145429734,1.02503014534819E-06,0.098886830288412,19,1000,33,-0.009280379274641,12269.4189226627
25,0.99348960031763,5.23245236498188E-06,0.035849357738084,22,794,22,-0.009329546255293,10411.9038963318
25,0.995907847173629,4.28932129333626E-06,0.01635237869448,9,1168,99,-0.009379633490022,6879.95853567123
22,0.994869672012744,1.47140215408501E-06,0.097285934636496,9,1019,28,-0.009558923977918,11062.5306117535
8,0.991141834461175,5.83357888240922E-06,0.093414725759002,6,200,27,-0.009572135484786,2370.72846388817
8,0.994186048505819,8.71315281794744E-06,0.075865127143843,30,204,10,-0.009630180342482,2632.28566622734
26,0.996131406058251,1.15150269755633E-06,0.099390239052744,7,1140,21,-0.009653789553072,9329.3266582489
12,0.998166407718019,1.47084731535478E-06,0.098794737951577,13,1179,63,-0.0099120693608,11007.7876286507
18,0.998373285425524,1.63631119466978E-06,0.097830968057511,26,836,54,-0.009927317083702,15385.4912421703
21,0.990868693189125,7.42496489097945E-06,0.096598531003153,10,241,63,-0.010029948119536,3848.87245583534
17,0.994905700138958,4.09007360308732E-06,0.025453543000919,6,764,35,-0.010053924168386,1896.60489344597
5,0.991915008199307,1.24887994536183E-06,0.09775347476917,13,955,47,-0.010165082969449,7227.3095471859
22,0.992723521994674,2.11712605570185E-06,0.098875324526987,21,1197,67,-0.010309343960306,21154.4165992737
12,0.99565686381944,2.41169947291765E-06,0.097492013145004,28,961,64,-0.010341086420767,16174.6716387272
19,0.998296039073594,9.19951116512574E-06,0.084572098036796,25,384,94,-0.010346457572163,4727.64466166496
15,0.992432380084667,9.70361009038837E-06,0.096556906402478,20,645,97,-0.010508518058669,7956.23640632629
15,0.995176013014507,2.24792255492302E-06,0.094030740637149,30,201,31,-0.010576785260541,4049.76150608063
17,0.995686496557014,1.04220017350452E-06,0.09924522231508,9,1144,23,-0.01058795266104,8636.74455928802
20,0.996043955515604,5.920120334659E-06,0.084478285797428,26,826,18,-0.010773437364795,9984.50185751915
26,0.992252299774337,3.42803092749083E-06,0.098731163702456,7,1188,28,-0.010782875710632,14826.0351037979
28,0.990585464098976,9.86786145895278E-06,0.035334146750889,5,1196,20,-0.010792548018678,4026.8447265625
14,0.995598195978743,8.49547908334621E-06,0.098948332955641,23,200,39,-0.010845219277741,3525.25064110756
22,0.991631267983148,8.31750077628568E-06,0.033240685851417,19,708,68,-0.010934137379863,7585.34992623329
18,0.995171652416736,8.6528940821152E-06,0.096394492089028,7,286,37,-0.010965046788992,3513.78688383102
21,0.994284213408806,1.33668758742854E-06,0.097882771778432,10,1070,35,-0.010970354596825,9137.20261073112
16,0.994913753331272,1.19614788015185E-06,0.099729139219297,18,1008,30,-0.011007852450938,11234.6618890762
7,0.990838347720019,1.04815284095784E-06,0.098270809336754,6,685,95,-0.011039554297597,6077.53547215462
18,0.997955340432375,1.76367663166235E-06,0.097435137698164,10,871,20,-0.011101626508227,11259.511793375
20,0.990439476339115,1.34043592368684E-06,0.098711283310895,21,893,99,-0.011127908247457,14134.7075285912
20,0.997251315624183,1.75540968706862E-06,0.09985226069357,20,1179,89,-0.011155789206908,17700.0386903286
10,0.995147330816794,1.71852992034632E-06,0.099975705241036,13,1027,69,-0.011242791817031,12018.9401545525
19,0.994210740525114,4.81135978491823E-06,0.019449300882821,11,367,70,-0.01132410391755,1948.32571315765
9,0.990750671316407,2.25218103193254E-06,0.098347108617761,14,623,88,-0.011405078600927,8445.27072691917
19,0.998262676082206,1.40103958821268E-06,0.099789010097066,20,679,53,-0.011405152131924,12998.7217786312
15,0.99167841788652,3.60122074218691E-06,0.054372395323172,7,751,95,-0.011454186918919,2102.91445875168
17,0.994709375606641,3.39697995681616E-06,0.067566405202809,25,1008,16,-0.011644282036647,9862.39635038376
17,0.994088479958236,1.55924907476832E-06,0.09890212604106,20,1155,68,-0.011716353665082,18994.0011467934
25,0.990698543055924,1.44846433137441E-06,0.098668073645292,12,1164,12,-0.011779311484372,11779.5829305649
26,0.996737884045763,4.27325516984728E-06,0.088290560663852,28,425,27,-0.011799208114303,7401.02835893631
30,0.99358026011918,1.13595400994547E-06,0.075456425093916,6,719,20,-0.011819911611199,3085.09955000877
19,0.992822963732331,7.90948265005298E-06,0.088147463615679,19,686,22,-0.012000238380395,5837.17731976509
23,0.995636944955097,1.24766536297686E-06,0.098098626255321,11,680,45,-0.012022422647077,8064.61821055412
23,0.991460028549726,2.29884497229663E-06,0.098424680279259,8,1005,23,-0.012081605943597,11961.4534299374
11,0.997668631431595,2.23619489983356E-06,0.09879019856263,16,1040,44,-0.012190552116561,10777.7946748734
22,0.991484559674691,1.79364538126586E-06,0.077435536935014,30,529,79,-0.012215985620674,8972.15157556534
12,0.9979764901293,1.17916469362242E-06,0.0979968344467,16,695,13,-0.012253555906325,10562.8812456131
23,0.994617083055431,1.12873433842809E-06,0.098708102164861,23,645,10,-0.012406339241648,15402.1437768936
13,0.992510033248013,1.22401392697774E-06,0.099285215879927,29,663,10,-0.012456256305369,14912.1595554352
13,0.996740801401418,1.50947791108762E-06,0.099088416548555,29,915,46,-0.012571862351728,16906.4120144844
21,0.995038013500766,3.25549608140152E-06,0.071762210070112,30,511,24,-0.012611627353834,7555.21885991096
24,0.991032626924678,1.25661914017315E-06,0.075434082622766,23,458,90,-0.012621758770741,6607.64389061928
25,0.993422561623192,7.03126289518216E-06,0.052913824859562,23,970,17,-0.012630518840527,12998.7077929974
28,0.99704050871208,1.00298653586412E-06,0.099535103659324,13,1034,35,-0.012801069575101,15967.8008434772
10,0.992231411587675,2.01232873179567E-06,0.099401453471871,29,786,47,-0.012827619256772,12760.534371376
24,0.997856003908983,9.71301618739169E-06,0.096691283396963,25,256,16,-0.012872335820404,6656.79844927788
23,0.998982525964053,6.63755391672916E-06,0.046902587925747,27,368,86,-0.012891597467179,5898.68689346314
11,0.996801546972283,1.64042038853231E-06,0.09877923967367,5,788,11,-0.012949613508249,5634.42290973663
7,0.99128256906223,1.20766871808879E-06,0.09932735722995,18,591,97,-0.012975893224908,7330.66055679321
5,0.991288677802251,7.09519824662277E-06,0.090667921578319,25,200,85,-0.013056347056561,2106.40779018402
23,0.994626360288723,1.26958709202407E-06,0.09797044561476,13,841,40,-0.013060143225917,14415.7803225517
14,0.990121291001552,9.81904110589485E-06,0.096493392574652,13,427,36,-0.013201147019394,4702.12020301819
18,0.99007864275163,4.15369918099628E-06,0.082096126275739,29,1059,57,-0.013232088300601,13402.2694919109
15,0.992095783475278,5.23981973448985E-06,0.023124833596925,6,621,36,-0.013411819889538,1369.10538434982
23,0.994196052944833,2.18546650316766E-06,0.09779527370167,8,979,19,-0.013418094221109,15013.0561957359
7,0.993330901150914,4.45622373000357E-06,0.068624894584406,16,485,58,-0.013438419845294,1301.53223514557
17,0.998158697467447,1.68884707312265E-06,0.099889767513937,14,615,63,-0.013449285896606,10026.6688907146
28,0.992365593302833,6.30408373034667E-06,0.062056036899105,21,462,77,-0.013478439911619,6935.27389979363
23,0.992436041069477,2.19319236941308E-06,0.088504792545647,7,202,20,-0.013527026487188,1437.13701033592
13,0.993217826906513,1.30494610891491E-06,0.097695651240906,22,977,48,-0.013681316097676,14931.0263791084
29,0.993021766603583,6.64315533176599E-06,0.023850863242317,21,664,19,-0.01384801362982,9509.17277240753
28,0.990973169461466,5.62303847172123E-06,0.098339979944462,9,1193,27,-0.013851797028263,18775.7353219986
16,0.991866712519492,3.44063387612039E-06,0.096745571261835,18,652,76,-0.01386380117328,7621.50275158882
13,0.996338968762342,8.2285425172285E-06,0.096336152566041,9,650,47,-0.013916017297386,4501.30342054367
20,0.998599790281046,9.07196529704683E-06,0.057864096907566,9,985,79,-0.014070421009304,4555.28285956383
17,0.994350299862567,1.23206927659528E-06,0.098501092271671,18,789,25,-0.014118847239285,9155.4762980938
20,0.997606530961762,3.66008284583588E-06,0.094268156071679,16,203,85,-0.014129553151945,3794.62020039558
25,0.997882962374935,1.5067568539582E-06,0.097536047663884,16,590,30,-0.014200640111885,13459.7656834126
9,0.998295100532692,2.12518970065307E-06,0.099166078018604,28,701,99,-0.014219172040016,10432.0279176235
12,0.990262115725078,1.26735120369857E-06,0.098150400598651,5,1021,97,-0.014237369678149,6245.44713306427
25,0.991365338840563,7.33739529901811E-06,0.058781314376968,9,620,45,-0.014310533277356,3427.06431746483
15,0.997349467469355,1.29709941879844E-06,0.0997567803745,16,710,94,-0.014427147831035,8996.30256056786
20,0.993760767652314,1.36501232907307E-06,0.098828223323668,16,884,31,-0.014444951027603,10044.8404643536
13,0.994387483898602,1.38608295240596E-06,0.099462205821344,12,1101,52,-0.014480041447879,8858.53239798546
11,0.995390719860925,1.29869191537232E-06,0.097571216040348,7,1107,44,-0.014495870796004,6753.20694112778
18,0.994009335790691,1.66187067727853E-06,0.053441249976883,24,1021,59,-0.014611298459471,10881.1457550526
14,0.995626449863847,1.65883038446903E-06,0.01101435014216,24,201,84,-0.014627897640531,3470.43675136566
24,0.990020793982853,1.93973910235855E-06,0.096460487243314,18,299,94,-0.014784146484681,5877.06692385674
8,0.990516671428801,1.01624349493959E-06,0.099037893615769,16,1078,68,-0.014793754117462,8120.80188393593
18,0.990120171215906,5.66071166778956E-06,0.011591649366586,8,1046,61,-0.014797502651047,3736.27356910706
6,0.993859195005249,1.57542358321485E-06,0.097296863042893,13,669,90,-0.01479847923941,6424.09432315826
22,0.997355693415647,4.55367836037938E-06,0.048431710713474,19,285,17,-0.014978544509795,2807.93508934975
19,0.990634590410276,2.33117038456824E-06,0.09865695942677,20,1032,59,-0.014998574725643,18478.8986217976
23,0.993238094306752,3.15498504915521E-06,0.098558871807945,14,914,44,-0.015038635470533,17713.6958508492
19,0.992194730540211,7.65851444318522E-06,0.048585504684869,21,1147,95,-0.015110792215667,11819.0058643818
24,0.995030564388834,1.55186442506797E-06,0.098304509260506,12,1132,69,-0.015138494621448,12142.5120153427
11,0.991121523830497,2.35572865348081E-06,0.050054708816647,14,204,13,-0.015147559284962,1634.13266849518
7,0.994558857078264,1.5948664842526E-06,0.078946303359364,22,629,56,-0.015169834892692,2316.60054135323
22,0.995712172552803,1.31811052869885E-06,0.099893202646762,25,827,48,-0.015414095878586,20663.8135282993
8,0.994450518868525,1.0381753955002E-06,0.09669764869837,19,242,66,-0.015429515892031,3900.519541502
24,0.994039982430821,8.2031799654203E-06,0.09590856683466,24,289,12,-0.015474377155781,3900.51000618935
15,0.99143614046973,2.71135216363914E-06,0.000853142918364,12,821,79,-0.015525070778636,3821.448397398
8,0.997453567789376,3.54209354055915E-06,0.053048344463795,5,1111,47,-0.015704641658514,1074.92064857483
22,0.991074777649389,4.44332624370544E-06,0.072197066036374,30,513,49,-0.015777733431804,8233.96045851708
23,0.996705485134252,1.32874047751465E-06,0.099515604629398,24,673,46,-0.015915910121869,20066.5411553383
30,0.993411472496222,1.13370252440401E-06,0.096766195929241,16,983,29,-0.016061748081705,14585.8511073589
21,0.991229368297181,3.15557802845736E-06,0.051640781258678,10,1142,96,-0.016064128071549,6269.48369574547
18,0.991065365491576,7.50829464739194E-06,0.074267484715451,26,969,23,-0.016212720105524,10630.2751436234
28,0.998267827864714,1.03391235788419E-06,0.098526509564188,9,1030,33,-0.016227331528355,11532.0290448666
20,0.990347255659056,6.49157682403199E-06,0.050527392513528,7,808,25,-0.016452021810527,2667.95095300674
21,0.998690035428667,2.4825201263375E-06,0.099049029297748,28,634,67,-0.016549128858046,19218.0319657326
16,0.990125521050429,1.14457365712718E-06,0.060209967988638,24,698,31,-0.016601839506661,6392.12147569656
15,0.998773044021688,1.49675919445458E-06,0.097447265801415,27,948,32,-0.016664526779766,14991.0068933964
10,0.990997461232066,2.79933618010808E-06,0.098904224205297,13,201,49,-0.016753916185852,2772.67793536186
22,0.990046661999484,6.86140206565443E-06,0.012213804795536,15,752,29,-0.016960410957015,5951.95384263992
30,0.99446630254058,6.39161651276254E-06,0.085902598882484,13,259,58,-0.016991176987596,2561.14238071442
6,0.997560825067998,1.72599253264262E-06,0.097600490451677,29,679,25,-0.017107815955608,8222.00043177605
23,0.997516756781928,3.88997015238505E-06,0.044200947071986,19,723,22,-0.017151036173651,7505.05928707123
27,0.991152131829032,1.14547106608619E-06,0.098967588474964,5,955,16,-0.017351987756254,6847.51674842835
28,0.996463934286287,1.12771643808736E-06,0.05271268212333,30,595,73,-0.017617422509304,12738.4166891575
27,0.998269178696172,2.18148985545535E-06,0.097588455934665,24,692,87,-0.017661934308183,18307.5918204784
21,0.992499410209041,3.09082908270647E-06,0.094935111499495,10,200,70,-0.017746668429035,3263.70324039459
22,0.992533854291137,3.56094247354058E-06,0.096548639309239,29,271,15,-0.017817656448058,7040.77777981758
21,0.9980401794767,1.69397713353544E-06,0.098994569414516,24,673,42,-0.01793030545578,17000.9360868931
19,0.99804450049462,2.0484786006922E-06,0.097379045455059,17,1067,86,-0.018074667057797,16795.4907567501
13,0.995001524363616,6.84970481475835E-06,0.078571965067667,19,1194,29,-0.018246906213084,6949.07354259491
14,0.996430943174022,1.90259727186777E-06,0.097668792849588,24,1170,83,-0.018473877210417,17557.2041695118
30,0.997085198051826,1.22473945194459E-06,0.062507860237317,6,202,81,-0.01853516448452,1464.31892299652
22,0.997945014589167,1.87902046852081E-06,0.098853038733177,10,629,41,-0.018547347948063,10059.3932797909
22,0.994861327591771,1.54554167409078E-06,0.099604316261163,19,980,56,-0.018646569839116,14795.5091679096
20,0.99117924520997,1.27011887481919E-06,0.069490630157344,22,425,27,-0.01864822160053,4353.02735924721
14,0.993417374011622,1.13810534708405E-06,0.098700435750146,12,1080,64,-0.018793988477731,13362.7455515862
22,0.990599723318666,9.86437617358399E-06,0.048482000986582,28,202,59,-0.018927241485944,4767.74184727669
10,0.990381461565169,2.18892244981748E-06,0.097526885712865,10,716,32,-0.019172698639304,8094.61947417259
24,0.997692350769612,1.23576464277604E-06,0.099424170725719,13,971,30,-0.01917623558249,11342.9225056171
21,0.99685485703706,2.27758124865305E-06,0.099821251998713,25,1151,11,-0.01928683170035,19794.4863710403
23,0.991244422591932,1.52646891768634E-06,0.099179378880484,12,1062,67,-0.019478449244275,12120.3164377213
17,0.990020738460635,6.62686660076408E-06,0.092626145535166,7,1011,70,-0.019516294895201,3085.09238862991
14,0.994453202996798,3.90068179058275E-06,0.096545582557967,22,245,96,-0.019537256321076,4567.3263399601
19,0.990393105630609,1.5045148783527E-06,0.099764462633894,28,1006,25,-0.019568257466843,16606.4632029533
30,0.997770273790487,4.73903463936327E-06,0.096180078438504,21,885,37,-0.019632560490511,13436.0696659088
22,0.990559326548863,1.45940713471507E-06,0.097595168840104,10,1128,33,-0.019928699626552,9752.71358942986
22,0.994021627183569,6.1766611188194E-06,0.084968760632519,5,421,37,-0.019997285256113,1124.98857569695
12,0.992694400693836,9.24748103760492E-06,0.075448259278034,26,975,39,-0.019997874664639,7268.47184276581
22,0.99883966957608,4.1923918146451E-06,0.066617687476971,25,1118,29,-0.020020145813997,14519.9521269798
24,0.994539859104091,1.77104542559838E-06,0.098419762881337,5,1117,12,-0.020059256364544,9752.76927638054
8,0.992452561433883,3.90679470052456E-06,0.094905076721279,29,545,28,-0.020262182372631,2972.57165074348
19,0.993243711003204,1.16117385225871E-06,0.098816113292721,22,717,81,-0.020335267225503,11680.1296782494
26,0.992073479824722,1.56684407916198E-06,0.000879674731634,12,1167,58,-0.020432619689154,9061.74467635155
21,0.997336694813536,4.74525533921281E-06,0.025688136817787,23,777,98,-0.02054251847905,9802.87061142922
16,0.990003042913799,1.59255735214173E-06,0.09796584972405,27,1023,96,-0.020767959610396,16424.4292945862
16,0.991544854250954,2.20186500576879E-06,0.098480149814036,13,1056,64,-0.020838483793277,11948.0248849392
21,0.995991495221514,2.28411434507437E-06,0.097623028703681,25,650,23,-0.020859682809276,21091.5443444252
27,0.998435020716206,3.64113376253738E-06,0.096472484562364,14,309,13,-0.021055731312655,5813.37643456459
11,0.998274167445895,2.05037736946172E-06,0.097328497208121,27,928,50,-0.021243210571024,12816.9600114822
22,0.998369665423255,1.82669986202247E-06,0.096483606680079,21,315,12,-0.021358283360264,6521.97672486305
22,0.992141615687032,1.36667070306133E-06,0.09816517125713,27,724,35,-0.021398552301558,14977.8394105434
19,0.99581616174308,2.08847363948171E-06,0.099545914905266,12,997,50,-0.021517100129594,11457.7955431938
19,0.990355384920944,2.3248374360176E-06,0.099000841047462,25,1102,42,-0.021906315372615,20649.8752219677
28,0.998277399426905,1.04762608489791E-06,0.097588967643992,16,1069,57,-0.022541212097428,21381.0568447113
5,0.994483591439301,1.30114573124591E-06,0.098160085332226,25,901,83,-0.022697754979236,8550.44827055931
29,0.994142258332954,3.19579472493187E-06,0.096522283544873,15,201,50,-0.023106467541576,4292.58946251869
13,0.993725059023154,1.1911274807641E-06,0.096440432361107,8,614,66,-0.023115903689204,5044.98494839668
26,0.997529847522456,1.03559905856982E-06,0.096364555715055,14,939,96,-0.023126057415244,12091.9973194599
11,0.994581029997534,9.53633233243243E-06,0.026690249596007,29,1090,94,-0.023213580525825,8902.70826029778
18,0.993233288710308,1.07878374145994E-06,0.097418747360192,16,934,49,-0.023301100719821,9849.60600805283
13,0.997729538292677,1.20986641370512E-06,0.099430491114227,27,734,36,-0.023493555201649,12612.9416019917
20,0.990925954341923,1.34473637764777E-06,0.097975590903573,30,697,64,-0.02381054317671,14387.2828133106
7,0.998462276065019,1.2978500470849E-06,0.098126616089454,21,830,79,-0.023908570620862,6558.10450816155
16,0.993850320311254,1.83100628180645E-06,0.098614962272174,26,1049,80,-0.023969675359769,19729.2111902237
15,0.990966527382199,2.29448346535303E-06,0.098669745808011,19,1110,45,-0.024015473605427,15059.2236328125
20,0.995655085046721,1.6320634323213E-06,0.06730859348249,13,201,88,-0.024040574517559,1978.72945713997
13,0.990228513766247,1.23267743518955E-06,0.098133700222346,7,695,15,-0.024599744081017,5160.32365512848
29,0.996150519302226,3.3975737374755E-06,0.048859269325492,25,712,66,-0.024659397549407,12971.9460701942
24,0.9945353381654,7.8891510744282E-06,0.072109344052342,25,226,12,-0.024946821115499,3221.43860888481
20,0.991515395342997,1.12369210817638E-06,0.096597133695386,27,491,96,-0.02499623871608,10134.2873196602
27,0.997225242680793,2.00401869610726E-06,0.098892272122344,17,845,98,-0.025203644291105,17645.6803863049
27,0.992547959782078,7.53523257429689E-06,0.037862308754666,30,535,24,-0.025268414695655,10291.5146360397
14,0.992562212805025,9.41472413580333E-06,0.036621982554993,17,440,79,-0.025283625748869,2647.89403653145
17,0.992438941959867,6.94925815220466E-06,0.096442716655201,9,273,39,-0.025289930303295,3564.58129549026
28,0.99268309065204,2.84746331146317E-06,0.098548063967116,8,1044,33,-0.025392896202584,14599.3823068142
23,0.993071458405969,2.221601524637E-06,0.079686156427758,15,781,30,-0.02569569176681,6442.13188195229
20,0.996229214877284,6.84861596074142E-06,0.09685970628203,13,332,33,-0.025885847329702,2103.23365974426
26,0.993775851262305,1.75923350961643E-06,0.097385119691412,24,804,89,-0.026036715652964,19862.0179133415
20,0.998089885677831,2.32138925673967E-06,0.098297493886881,25,687,58,-0.026385269255951,13706.5439693928
13,0.995028635451346,1.27078558861901E-06,0.099274523554625,12,1185,91,-0.026431413337318,10617.2970707417
21,0.991651330152262,1.18961292661742E-06,0.099781365135213,15,714,48,-0.026748211419963,8742.55719566345
23,0.994555558877595,1.00202435934432E-06,0.098756400146279,21,646,10,-0.026775521865677,11502.3418850899
27,0.997853514541418,1.51032753021891E-06,0.099213123712525,19,853,87,-0.027116353972855,18433.8984527588
25,0.992991241322561,8.44615200093031E-06,0.049120108280133,17,375,42,-0.027175316812598,3887.3690662384
26,0.995661509755846,6.378652285112E-06,0.02683561649038,16,333,34,-0.027506707344939,3363.64164662361
25,0.991214516362742,1.88770248796727E-06,0.097790170233897,11,1113,59,-0.02752431032261,14149.5302762985
20,0.998188217766982,2.24191937653067E-06,0.098134092181903,25,1017,28,-0.027838618902965,20439.3246307373
16,0.99858512666299,2.81324956509205E-06,0.09900585871801,16,957,63,-0.028039262426525,14991.0217010975
12,0.998134496079226,2.03667577982405E-06,0.09787674766819,11,715,96,-0.028230903481572,8500.4820728302
9,0.994643335678326,2.89396370006075E-06,0.096530255049632,28,508,75,-0.028624308055155,6217.8344066143
5,0.99190900616297,7.8199622687765E-06,0.004178329752591,14,202,18,-0.02926818759571,333.626601696014
24,0.997736114775402,6.47165927520329E-06,0.097683872755353,11,1024,49,-0.029330194923556,19007.8717682362
14,0.995398353481636,1.328436192043E-06,0.097608628605711,19,737,46,-0.02962127478551,8445.26191425324
11,0.992986327344901,1.39425259078994E-06,0.099322761436993,27,596,85,-0.02975801029578,12309.7391109467
20,0.994407470756561,2.53866330381077E-06,0.098260351005801,20,560,76,-0.02980922046846,12155.6604361534
23,0.994856693041656,9.90608596480374E-06,0.096676435465724,18,296,85,-0.030062237274292,5789.48743796349
26,0.992973450689306,9.74900580971075E-06,0.096262206793886,6,240,60,-0.030266313898866,3306.48410820961
20,0.991143093732743,8.78399821240335E-06,0.096445175169702,21,324,35,-0.030301145610794,6060.27914714813
25,0.996419069886076,1.34606123384061E-06,0.097696154946335,20,1115,89,-0.030523437043438,18541.9716353416
17,0.992999391812983,1.92353350837614E-06,0.098283576967832,12,612,43,-0.030951615659629,9550.31492590904
15,0.990130674013361,7.72536281647448E-06,0.078365629268343,23,690,53,-0.031050596401667,5813.34285569191
15,0.994450030909716,7.53833889015479E-06,0.096768295648261,15,264,87,-0.031386593059126,4049.79138255119
16,0.996511072662928,8.76921620225566E-06,0.020833990784791,10,201,11,-0.031657841856647,1662.91742229462
23,0.992378480448252,1.18928245133133E-06,0.098164253788911,24,633,20,-0.031902082686383,17148.5002384186
11,0.991312362758958,5.34439961643428E-06,0.056996141825872,9,885,89,-0.032184135450873,2286.99786782265
15,0.997461728069635,2.51114908368625E-06,0.098768310739751,27,922,58,-0.032299103835443,19467.8036489487
15,0.995051118691412,8.60723960652874E-06,0.096691178509678,18,626,81,-0.03233770128581,7215.48316764832
22,0.998358424269203,1.55008355259778E-06,0.09947248589168,26,632,88,-0.032393103815299,20390.2993202209
27,0.996302286774163,1.63126736343265E-06,0.099744913035416,25,651,21,-0.03281086532855,20564.367575407
13,0.99050462803143,9.8267441483188E-06,0.096440823217336,8,236,52,-0.033386002724324,2974.67857146263
20,0.994699358704226,1.92235778920921E-06,0.098722709370767,23,716,71,-0.033417705014869,14229.9546954632
22,0.993686457921178,1.08707158487413E-06,0.098523180004857,14,664,14,-0.033818736344422,9670.32142925262
21,0.997595352020729,2.36544628641062E-06,0.094318907505646,11,201,73,-0.034043357224597,3352.03825640678
24,0.995547747365533,8.41701776716173E-06,0.075439082959654,29,351,56,-0.034059730854544,5951.94449043274
14,0.990270178568934,1.34583022630709E-06,0.099815187954175,14,878,99,-0.034328807776686,8972.16177892685
11,0.995047509103257,1.25577136975296E-06,0.096741436442143,11,481,93,-0.034351726670278,4471.79562544823
20,0.99209614246378,1.61837460427623E-06,0.097916513709108,23,644,58,-0.034394430008018,18053.6160104275
28,0.994805239920995,4.13060230724847E-06,0.096392255531997,19,229,14,-0.034410840678795,5273.15649342537
18,0.995854415694075,1.98406776242172E-06,0.099951967275627,11,1153,74,-0.034498394283941,14478.1293246746
16,0.992213912998875,4.33251751290461E-06,0.067334331344559,25,200,31,-0.034573898373427,3616.87674069405
28,0.992664877859548,1.5847216346873E-06,0.098365004823008,17,995,30,-0.034773466405933,20008.6841249466
19,0.992850646886781,3.81443099815603E-06,0.086641664069448,8,1190,87,-0.0349802847498,4676.08535766602
13,0.992491812403128,1.59086192264814E-06,0.097501498187279,9,556,37,-0.035053032754248,7847.06450343132
15,0.990963138483767,1.30862631484554E-06,0.099696077527502,10,970,89,-0.035134282553343,7202.72397947311
27,0.997658080473338,5.09477564504523E-06,0.077845328808882,29,203,11,-0.035134641043001,5255.61590647697
14,0.995110583387154,4.88449260157644E-06,0.039837133835161,10,791,62,-0.035963010122246,2741.1016626358
20,0.992617067292329,2.00245378138215E-06,0.098613218858756,19,1100,74,-0.036228564461171,20270.4551391602
16,0.998856866792813,1.82653614491815E-06,0.098241684399446,28,914,63,-0.036592141125675,19573.8966379166
27,0.991132350547115,5.75650659483503E-06,0.053318346831447,10,409,85,-0.03726174671275,2883.30082130432
11,0.997312732323189,1.40934476713426E-06,0.099536066081323,15,966,76,-0.038313302947186,8712.23921585083
11,0.996546923950461,1.31572015938792E-06,0.09959269769304,6,908,79,-0.039720395461942,6281.429292202
11,0.994992721512757,7.94278130528201E-06,0.083593076537377,6,1010,60,-0.040858604294127,1631.08830857277
9,0.992504063603444,7.74634250279399E-06,0.096614915945322,30,297,98,-0.041005534659032,4636.69761800766
26,0.996528772266345,8.02572324670948E-06,0.053076304844938,7,918,95,-0.041133697879669,4365.1579041481
25,0.997020974291851,8.72847094387844E-06,0.096368333211796,25,203,63,-0.041141649119665,5062.71760892868
17,0.992419675650097,8.08922849167611E-06,0.097044337691285,7,204,16,-0.041224430478349,2772.68391799927
26,0.99365983440393,1.01858964798256E-06,0.028433231089085,29,870,89,-0.041318082945965,17027.6092698574
15,0.991162346447781,1.68996450293438E-06,0.096472735401646,8,679,97,-0.04140462505101,5392.30662465096
28,0.995550142427245,1.55945118365118E-06,0.099593655675523,14,933,93,-0.042470794419527,20636.8461611271
25,0.99294144987331,5.27665343361501E-06,0.070630549302051,22,1077,62,-0.042763220851445,14711.0359399319
15,0.998970626740893,1.68912526067281E-06,0.098688774886934,14,1001,62,-0.042965344565926,9579.8898191452
30,0.993118196706366,3.16951297863366E-06,0.097457304965566,11,1068,15,-0.043035104753379,17631.8534038067
14,0.997240775541971,1.24921018955202E-06,0.098479892830159,21,573,99,-0.043041891224315,9217.92400050163
23,0.993772061560504,1.22506710111925E-06,0.097542586002226,6,1078,15,-0.043460464909003,10845.2225689888
11,0.996060027295921,1.10277697044639E-06,0.099687269280335,22,1005,100,-0.045101480421566,11246.9112029076
21,0.990582241520532,1.51042578529255E-06,0.099733430016669,22,891,63,-0.045248694140085,17713.6843626499
15,0.993569302350277,1.52299621789754E-06,0.097932774449839,25,646,32,-0.046075412518778,13041.7807965279
27,0.995154537173901,2.02704157411246E-06,0.099012490620741,19,1099,41,-0.046451141085307,21185.7444243431
15,0.996143494640468,1.16461759735488E-06,0.097845376694553,10,884,44,-0.046858266877394,6961.90460705757
18,0.998870504781498,2.14428202560933E-06,0.098007621877974,18,915,84,-0.047504221778144,16645.1630074978
18,0.990301518661523,1.02348551450793E-06,0.099400433153817,8,981,37,-0.047585016498843,7312.42996692658
20,0.990670138652725,7.87748243355748E-06,0.055475903572613,22,392,89,-0.047607195370899,4489.29536437988
15,0.99880493856547,1.45243212152359E-06,0.098347301031083,13,576,97,-0.047698076694753,9936.07276654243
21,0.991597921022043,5.76856791031421E-06,0.096712080821514,29,743,24,-0.047729358072917,13423.093764782
25,0.994961268352128,2.969358119158E-06,0.098374147360044,8,783,10,-0.0497415737541,15445.0045778751
24,0.991505470234656,9.58304552448678E-06,0.095730584400965,18,889,47,-0.050158109179515,9388.01378679275
21,0.992826734059508,7.4420749232356E-06,0.096469230846484,5,558,12,-0.050168598025515,4624.82451963425
11,0.996025945205888,4.02690040683277E-06,0.096500896154459,5,282,97,-0.05123362076467,3000.2462375164
12,0.997013553937664,2.628177750829E-06,0.085141811191484,5,743,98,-0.051410652407482,1195.61300039291
15,0.995500589486073,2.49595299410715E-06,0.096509256899424,20,828,93,-0.051413471726692,9458.76750898361
20,0.998948608739347,4.90658465500063E-06,0.054891299563932,30,203,93,-0.051554583278703,4407.75946354866
27,0.991241245607791,1.2592213723876E-06,0.097153362883352,6,842,32,-0.051997692185473,6776.52428340912
25,0.997043713771057,1.09295075799959E-06,0.097526707863976,12,908,30,-0.052874312609128,10117.9379115105
8,0.995538426853825,1.32904530337394E-06,0.006362439568833,29,203,13,-0.05311923965113,2974.30771183968
6,0.998808980861352,7.62439395054318E-06,0.003362650502673,13,203,11,-0.053130540447027,1491.40949106216
30,0.996597822212846,6.85078818671326E-06,0.099148808958607,13,534,46,-0.053717374923116,5106.48875927925
29,0.993769398085174,1.20043860485282E-06,0.068949981102942,14,679,53,-0.053960328481582,6753.1835565567
24,0.995231860960112,4.8052150781981E-06,0.0985465326749,10,201,91,-0.054957245074986,3390.03170323372
12,0.992665878843876,9.32991171273728E-06,0.086070534417709,12,324,55,-0.055547670957241,1165.05944371223
19,0.991664040188928,7.78782417653004E-06,0.024452602520173,12,524,38,-0.057257217949786,2872.16736030579
20,0.992439248697078,1.22522182177633E-06,0.098990933125658,6,757,62,-0.058578049998266,6130.34323763847
15,0.996876833780392,2.27998317048246E-06,0.097458955350671,30,1070,97,-0.058630685215539,19156.8112354279
26,0.991636359850916,7.8033962234137E-06,0.051474217244963,28,286,34,-0.058879468866432,5028.24684476852
18,0.994791030025847,5.83652768471233E-06,0.082325190899521,9,1157,79,-0.059129413726744,4779.22490429878
22,0.992883022607292,1.00235355891799E-06,0.099558044376548,10,1164,80,-0.059731540859846,13186.2195839882
30,0.996726693212711,4.26360269842696E-06,0.047673564444028,10,475,53,-0.059897839474391,3536.55651736259
15,0.99142167978867,1.28560702864457E-06,0.099601801910238,14,720,38,-0.060742396554543,7486.50035691261
28,0.99475035490795,6.01960667528783E-06,0.059394882147884,12,855,67,-0.060794728205073,7292.5525662899
20,0.990533853478142,8.11339352263136E-06,0.053809742808044,11,318,83,-0.061130433619359,1833.40002059937
25,0.995767434473037,1.87755595469135E-06,0.099821202251813,15,621,64,-0.061283511841711,11796.6948919296
11,0.990710254335526,4.62677084578476E-06,0.075266191164035,23,1171,77,-0.061290055924603,7444.22130465508
15,0.994173996444795,5.01678348719255E-06,0.068988231625129,23,920,63,-0.061640656224009,7817.87002158165
24,0.992165369159115,3.26867757136871E-06,0.099114611442256,22,601,32,-0.061787838545371,17582.4379851818
17,0.990332323065214,2.33813446884469E-06,0.099235035127069,22,992,82,-0.062940641504245,20299.0671672821
24,0.991806548500359,1.50785538297764E-06,0.092291020126542,30,201,28,-0.062966846082533,4676.09648919106
23,0.992343845978238,2.35221729326454E-06,0.096730174276247,9,264,72,-0.063028914608251,4172.14593625069
13,0.996249054868572,1.09920456863368E-06,0.099945600260292,7,873,14,-0.064847130468202,6020.51982688904
12,0.997430226192388,6.80865264616068E-06,0.095580496240148,5,200,78,-0.065240648876946,2351.73838233948
27,0.99867802454584,2.33973386539489E-06,0.098477653617593,14,758,44,-0.065248607233521,18197.3046474457
25,0.995725478423125,9.85018818659593E-06,0.042509827162465,29,931,62,-0.065639077347484,16706.076592207
22,0.990847410836299,1.00285163267754E-06,0.099213307650724,5,1019,46,-0.067001101353423,8798.98401522637
23,0.991051351434626,4.09060347176616E-06,0.051077610383283,9,1016,90,-0.068455549045621,5444.60361456871
10,0.997134092316961,3.82788053851411E-06,0.097256056231108,5,201,62,-0.069056698417879,2317.85087347031
12,0.995959199153551,9.15095935614925E-06,0.096744569992452,10,1161,18,-0.069503362418809,6306.30951094627
25,0.997041814270412,2.57672716732782E-06,0.099090114974202,13,1008,45,-0.070653750496249,15541.1987195015
25,0.997412208661633,8.85126181021712E-06,0.08710676240755,10,1015,28,-0.070723061689355,6060.26696062088
28,0.995001619974183,1.55917584561271E-06,0.099014047628986,24,852,93,-0.070842594747819,19494.7917692661
25,0.994104138684426,9.76961292883155E-06,0.096871203318987,17,641,21,-0.072002856252237,6442.12360715866
21,0.996000756372619,8.11529360228932E-06,0.087812254228956,29,201,71,-0.073066183582573,4567.31672310829
27,0.996188459025687,1.02793835450611E-06,0.099023327870989,17,685,45,-0.073651008643685,11094.1148996353
13,0.997732784641881,1.09720274658067E-06,0.098874342379143,20,676,48,-0.075153988835035,10895.3608646393
18,0.998204744917978,1.18326793944153E-06,0.098395449845153,25,984,60,-0.075423042213453,16238.8677442074
20,0.996248155342625,1.64655480067111E-06,0.099122861667812,23,602,70,-0.076637722221331,13092.2464270592
26,0.996460255819592,5.86947642656184E-06,0.097983564338192,7,200,63,-0.076688854850996,3100.90757322311
19,0.992561463476841,2.19222032131673E-06,0.098797417279092,29,689,63,-0.076974933970661,18447.5989055634
19,0.993622519067633,3.66600131905576E-06,0.096524316620276,7,238,90,-0.077461350971722,3306.49308395386
25,0.99380095863579,1.08363117607531E-06,0.09876525949951,25,1071,74,-0.077950158389942,20974.5526621342
14,0.993065970043576,1.35705233507062E-06,0.099227305740756,19,1145,88,-0.078230548008381,15099.0974867344
17,0.997804657870777,8.62193987987942E-06,0.001485650105182,17,201,60,-0.07906497968705,2538.64079165459
20,0.990814792128328,2.62131176627442E-06,0.098365443986292,28,691,70,-0.079141542664028,19808.2405817509
30,0.994505690554604,8.36840657949805E-06,0.038801506095477,26,826,66,-0.079595889091242,16298.7006516457
15,0.994537884703382,3.51975357860974E-06,0.085867014291759,22,811,56,-0.07997642425729,6521.91383385658
14,0.991382824769309,1.67396268031442E-06,0.09929439298261,22,828,71,-0.081190508206915,11413.3988304138
23,0.990280932598312,1.11369007201198E-06,0.099676706578443,17,751,37,-0.081319155180809,10445.0354995728
23,0.990779563467906,1.26745452956536E-06,0.099622721037129,25,1095,44,-0.081655809750207,19410.5648961067
21,0.995719730754242,5.21201430340187E-06,0.007429280928652,23,203,15,-0.082628695279249,2974.29165220261
17,0.996245911191127,1.61699458532204E-06,0.099045725398356,11,899,80,-0.083131285200959,9198.97968530655
10,0.997248784344579,7.56162669793014E-06,0.096674247494898,15,974,37,-0.084102671641688,6459.80435204506
13,0.997066423660496,9.15525156710921E-06,0.072170273113122,22,1028,97,-0.084434910770797,7608.80583333969
20,0.998403810919464,1.11751848899811E-06,0.098631675501645,10,913,81,-0.086039035793691,12406.219337225
26,0.993960117777051,1.29290158532073E-06,0.098835366604623,20,590,48,-0.087347530843256,13692.897847414
11,0.993942103564846,1.62144320772285E-06,0.098424495818962,13,674,83,-0.088227779268888,6753.19527482986
16,0.990537500312755,1.08500423560096E-06,0.098603421728186,18,1152,97,-0.089716045963815,13041.7329828739
22,0.994431454675193,3.37204555328021E-06,0.099150355904818,8,1044,95,-0.089992779379298,14899.0008065701
17,0.994714118536392,1.17369335346679E-06,0.097124145018655,10,606,54,-0.090180528675515,5854.34237551689
26,0.997960045211512,2.50225811881238E-06,0.099114987096223,23,697,41,-0.090753753199031,15601.7583253384
8,0.998059453208574,4.69380928663985E-06,0.096523520073495,7,639,79,-0.091271923639957,3725.26360440254
19,0.99791014895587,1.44844089532225E-06,0.099787892564359,15,635,52,-0.092641270368073,9442.4605653286
13,0.99609575288759,1.05478538722494E-06,0.096302396027559,21,1154,67,-0.093000970312137,11075.6118123531
30,0.992117847337684,1.68683382073189E-06,0.098983065114228,27,666,12,-0.093107096584951,17849.0407600403
23,0.998915079865124,1.24939086697247E-06,0.099533753752283,10,561,91,-0.093362174772387,11361.3361849785
24,0.996389520067819,3.15089099103725E-06,0.09733142534247,6,1187,85,-0.093863762020481,13027.1471939087
24,0.991768281900623,1.00389049271119E-06,0.097946709954672,17,882,84,-0.095866605900434,19090.0173623562
15,0.994555212705336,1.44480806936511E-06,0.098420548515825,22,1047,93,-0.095869397883711,13565.2932038307
16,0.994517314308592,8.343171316193E-06,0.096459214684133,6,202,25,-0.103493021709649,2828.12993526459
16,0.995799470417061,6.31649259963587E-06,0.09651553678039,26,414,61,-0.105041521840958,6867.33713340759
23,0.997507843698273,2.0831647709038E-06,0.099760543332964,27,550,70,-0.112652241800419,16938.8078019619
19,0.993515905114715,1.59615086216644E-06,0.097613741595583,30,863,77,-0.112814916873971,19714.9417676926
16,0.996538217233775,1.75745748097781E-06,0.09778377866969,28,906,56,-0.117109927183853,19821.5747840405
23,0.990108262809143,2.69104085999118E-06,0.082363637489496,8,624,95,-0.117673820973984,3023.86330103874
24,0.996807703364946,1.6664281467473E-06,0.090973026354033,29,912,89,-0.118558188607141,16410.8365116119
25,0.997996707053495,6.55992075776853E-06,0.098180466584765,10,962,74,-0.120939589479792,19396.661935091
27,0.990837322749372,1.08540231316651E-06,0.099131685855507,23,708,39,-0.121011909755922,13956.6248998642
22,0.991238224400863,8.18459833345007E-06,0.099744889204038,21,200,29,-0.121358804258373,4160.17177510262
14,0.99012055404584,1.19472243625478E-06,0.098720970570042,24,602,60,-0.121795211446916,8712.22860598564
24,0.996677604319107,1.53040445632318E-06,0.098121175031559,6,1131,96,-0.122046126936682,10239.333108902
11,0.993045899683918,6.65507152165991E-06,0.096605681476235,11,880,88,-0.124887690729515,5537.18368387222
28,0.992080536056479,1.16870050686118E-06,0.097326773498468,16,1103,31,-0.124978394442711,15272.1519658566
20,0.993681843234903,1.41926537863316E-06,0.098609057043709,21,588,32,-0.126699854830647,9342.47087311745
11,0.995067755638278,8.53825872758739E-06,0.096484824780045,21,424,74,-0.129677553210447,5217.84791493416
23,0.995704853145704,1.03860408279651E-06,0.098603697135486,26,1182,20,-0.134898138422244,20286.0296685696
25,0.996964917060387,1.84134871611616E-06,0.098718717063801,20,650,97,-0.134908822489347,18136.6957280636
24,0.993549579263835,2.40407359148433E-06,0.099317031921093,27,605,83,-0.134997651457358,21338.6181247234
13,0.996104995065474,1.68943434744854E-06,0.099848627562007,30,690,67,-0.136070601853779,13172.9640090466
28,0.996682733433896,2.44971792423972E-06,0.098429808698319,13,791,100,-0.137538773766523,13528.734623909
19,0.997284775792072,1.1638369420583E-06,0.099942933449556,17,773,80,-0.138705866437275,10983.3203005791
21,0.992538648155542,7.31765680259069E-06,0.065327481633659,28,354,88,-0.14087259346149,5404.56293988228
17,0.998722533328242,1.80501457896305E-06,0.099476156748257,9,637,46,-0.141658802147275,9862.40671944618
16,0.993515912870158,1.09976535749925E-06,0.098806596848071,13,995,46,-0.141983791588452,8432.26430678368
22,0.992431366215659,1.16072094793562E-06,0.099017197104196,11,1091,89,-0.142340198101194,10203.6532435417
16,0.990107672325167,2.9187883345308E-06,0.096650692595381,22,545,62,-0.146713665575479,7928.21168804169
22,0.993796883616159,1.32131027798327E-06,0.098386973177773,22,1144,88,-0.147749541079613,19446.776601553
23,0.993848530041578,8.04739961353489E-06,0.096544190587685,5,289,66,-0.151912102823968,3290.35266518593
23,0.99791950328596,7.30035658371559E-06,0.098571102401401,5,949,43,-0.154694571975454,14027.2636713982
11,0.997600608721259,9.92927325007404E-06,0.093582793276723,7,208,98,-0.154946104420659,2772.69357919693
23,0.990785004002441,4.12510313693673E-06,0.094180790260657,5,252,45,-0.156332276730348,3069.65237522125
24,0.997609787662512,1.35808806807354E-06,0.098720211649999,30,910,62,-0.156640703361115,19916.6451392174
17,0.996353262323642,9.35288788480741E-06,0.071873854973348,29,443,59,-0.15716393498328,5421.93974494934
29,0.99617967184287,2.0897367401393E-06,0.098862178052923,8,1157,84,-0.157423491502005,19308.4025774002
27,0.992250643231916,2.33348653511378E-06,0.09791021471706,5,1044,39,-0.162287455120655,11518.8453991413
12,0.991870314350225,1.04260583173453E-06,0.098275636675787,5,758,72,-0.166711913053572,5911.12184476852
21,0.995235663663391,1.67640344169788E-06,0.098841710557273,20,857,33,-0.167027465346033,19973.7016484737
9,0.998903191918499,1.5294861242988E-06,0.097405077023918,11,204,99,-0.167319738766368,2647.98413705826
20,0.995851198955052,1.5469418310867E-06,0.099277268472652,26,848,25,-0.169811705191331,15179.5857970715
17,0.997209338672901,3.04731252938453E-06,0.088947248627766,22,1192,47,-0.169900332808241,10857.5620691776
21,0.990980126997512,7.78039194416057E-06,0.096631061319003,28,1026,90,-0.174617188258092,18462.0616254807
23,0.997843300500274,1.40827792219615E-06,0.098186414621638,19,847,81,-0.176238993347912,20764.6425747871
20,0.992020187432738,1.27057590749145E-06,0.097512263465809,17,960,25,-0.183224326352868,11342.907204628
25,0.996617988304552,2.18253310723575E-06,0.098064973690665,12,702,44,-0.185032195453014,12474.848916769
16,0.991291909676793,9.86469022152231E-06,0.096795106781517,28,215,53,-0.194530412322033,4932.51230144501
29,0.99045650482387,2.90154118620504E-06,0.096775746273394,28,200,82,-0.195348911317092,6583.16547250748
19,0.992112075408126,7.86987015779361E-06,0.069745648715242,22,860,50,-0.201468560229196,8730.35993552208
23,0.996846274102019,2.38375101577837E-06,0.098840734235809,17,1164,69,-0.203038691886581,20022.3324620724
28,0.992287402421696,6.84688402919051E-06,0.096495008597217,16,253,67,-0.205554725436646,5321.95159769058
27,0.993281875668001,9.51467430508938E-06,0.096653830012779,19,218,59,-0.21185341685885,5566.79349088669
27,0.990561637741958,1.38569419098173E-06,0.097715540604971,6,1041,97,-0.218302300985973,8942.82245469093
9,0.997285048527037,9.45404385297557E-06,0.08365886311212,25,521,63,-0.218362220541028,2828.12344002724
23,0.998549199984574,1.2865616980031E-06,0.098491158716339,13,855,21,-0.218543107278299,10832.147251606
21,0.994078076927312,1.05341819373409E-06,0.099616937622724,25,1123,77,-0.22164078209273,19481.5171699524
19,0.998187852713552,2.62416493124943E-06,0.098970120449603,10,684,44,-0.227153102540748,12971.9689955711
27,0.992819477813335,4.01109051203366E-06,0.096496217561972,11,270,64,-0.228924425242823,4436.85217452049
29,0.995175009291321,6.29506449126877E-06,0.09690282510968,21,902,96,-0.232324178011136,14368.7227611542
21,0.990753311360514,9.8144601548325E-06,0.00474649183988,14,203,24,-0.250555515699612,1872.73240733147
30,0.995583962318321,2.25735203453676E-06,0.09879986030552,13,1162,71,-0.25661430801317,20048.2676208019
30,0.998600278569486,8.19090899265901E-06,0.079608230622157,29,204,82,-0.263030880517689,5940.47821736336
15,0.99074029329424,8.49587894242505E-06,0.096567971271896,12,242,93,-0.270242362532268,3690.54261159897
23,0.993363042060979,1.35466035617371E-06,0.062994851268689,11,835,78,-0.273502575640433,5421.94842147827
27,0.995987013832795,1.03907652678624E-06,0.097636490019286,19,675,85,-0.277428827351849,12845.3314983845
24,0.994573186538972,1.27868935329878E-06,0.097266433474524,19,1020,21,-0.279981324712801,14519.996420145
20,0.99542200861876,1.73884263759658E-06,0.09732615581335,5,905,85,-0.282440988164694,7567.34802222252
29,0.996330210788803,2.59675872259051E-06,0.098497639555543,13,928,92,-0.284367004284403,20341.7075200081
18,0.998447388892825,6.10716129765626E-06,0.000894956107163,10,463,39,-0.296483993138507,2007.21358084679
15,0.995608379884065,1.87334962508705E-06,0.098191370034392,30,640,81,-0.301143332744249,15458.4606668949
19,0.9919475222318,1.01201264132427E-06,0.096751143179373,21,255,91,-0.306224364249274,5088.49435114861
13,0.998020019644973,1.55014946512076E-06,0.099158834458905,23,983,57,-0.341769703174407,14063.883551836
18,0.993949677133006,9.11406758924309E-06,0.096559587176909,23,292,60,-0.352264066527694,5673.90542244911
24,0.992708741893236,9.10621121189279E-06,0.088061897083956,26,200,75,-0.40858768490514,4967.26314711571
28,0.997584571175052,1.13187057206794E-06,0.096514234303399,6,733,96,-0.418209245603811,6540.41461324692
19,0.993290004439385,1.27308010185794E-06,0.098185275009958,23,1060,82,-0.432516711992409,15931.1488502026
30,0.990699372854964,8.95872669421738E-06,0.099917327971551,8,1190,72,-0.464531890776477,21011.4358048439
25,0.99819875523207,1.64406477470272E-06,0.098409717420055,6,716,83,-0.496777314305095,8164.83565402031
30,0.992792894248295,1.01806813541203E-06,0.098865063561439,7,978,26,-0.50205626541707,8300.19044327736
25,0.99125750172465,2.71100035014422E-06,0.098722300233284,23,689,75,-0.505603266728955,20623.1738991737
23,0.997913547085306,1.31790581931987E-06,0.097688547943501,12,596,79,-0.518828289281181,9683.24649691582
21,0.992293174794991,3.66694635846579E-06,0.088992229105816,13,1171,80,-0.562943855433609,8209.18290185928
23,0.997993479241834,1.10557835362498E-06,0.099262609053072,21,807,51,-0.570236462888338,14506.7122786045
30,0.991062035043732,1.02504620725533E-06,0.098539277897373,24,569,33,-0.587959545391552,14912.1517951489
19,0.997212329584022,1.13651506052653E-06,0.098517727991308,27,617,82,-0.59470126978131,15689.1196913719
26,0.992019552382802,2.29948290120977E-06,0.097351566941595,12,792,74,-0.600519458288419,15285.3321397305
23,0.99203356424023,1.28984007485127E-06,0.099881196752416,16,728,24,-0.605896224225463,10190.6713781357
25,0.9910993918407,2.19328662576688E-06,0.097742798903921,16,934,81,-0.671933130681865,18197.2925465107
19,0.994667118645201,3.1160343405463E-06,0.000639572638961,5,1023,23,-0.769577018695498,2316.33629322052
28,0.998417391949416,1.70315901727835E-06,0.09956452063187,16,1059,76,-0.774970907732868,20119.3471932411
25,0.992882729980851,3.3877186849101E-06,0.096478296376467,15,268,80,-0.822473007520092,5404.57481217384
26,0.993990770660814,6.31104057593248E-06,0.096576319522342,30,284,91,-0.900574941707211,8195.01943850517
18,0.991795224389035,1.29093980551339E-06,0.099406233956683,12,1105,81,-0.916429028783179,13591.4234833717
14,0.99626836118846,6.67763165531164E-06,0.000701342998779,13,862,13,-0.932489856361038,3649.66589093208
23,0.997998615049925,2.08200620786143E-06,0.098232784172042,15,919,89,-0.93539843349806,15285.323949337
30,0.994374056507063,2.5646621350888E-06,0.09884393091892,9,917,75,-1.0386459793411,19902.8253967762
29,0.993085273834809,3.90691092649303E-06,0.099035242521035,28,753,56,-1.24387324749077,14960.9299614429
25,0.995510059903435,1.71278565803476E-06,0.099021712989078,30,588,89,-1.34208875111274,18758.7233247757
23,0.992657039294393,5.4388747720208E-06,0.096179277284443,21,201,98,-1.62343087980294,4636.68928694725
25,0.990539605520079,1.10221715391003E-06,0.099156404812568,10,1112,74,-1.63266596122245,11323.4247190952
21,0.994064197587603,1.77638971984498E-06,0.097325386505259,14,1124,100,-2.68494226664401,14860.3139984608
28,0.996303593827122,1.16458958830187E-06,0.098876545990702,13,692,100,-2.87492994234257,16190.2105731964
18,0.992993351815041,9.00528739749004E-06,0.000673079341649,27,202,21,-2.98890472284201,3228.99422550201
